{"cameraMode":{"drawMode":0,"name":"Shaded","section":"Shading Mode"},"sceneLighting":true,"audioPlay":false,"sceneViewState":{"m_AlwaysRefresh":false,"showFog":true,"showSkybox":true,"showFlares":true,"showImageEffects":true,"showParticleSystems":true,"showVisualEffectGraphs":true,"m_FxEnabled":true},"in2DMode":false,"pivot":{"x":-26.29512596130371,"y":114.9168701171875,"z":94.39630126953125},"rotation":{"x":0.007561536971479654,"y":0.9802465438842773,"z":-0.19392415881156922,"w":0.03823358565568924},"size":9.984916687011719,"orthographic":false}