{"cameraMode":{"drawMode":0,"name":"Shaded","section":"Shading Mode"},"sceneLighting":true,"audioPlay":false,"sceneViewState":{"m_AlwaysRefresh":false,"showFog":true,"showSkybox":true,"showFlares":true,"showImageEffects":true,"showParticleSystems":true,"showVisualEffectGraphs":true,"m_FxEnabled":true},"in2DMode":false,"pivot":{"x":17.530338287353517,"y":13.509998321533204,"z":-34.9664306640625},"rotation":{"x":-0.14970046281814576,"y":0.023144962266087533,"z":-0.0035079671069979669,"w":-0.988437831401825},"size":13.415902137756348,"orthographic":false}