{"cameraMode":{"drawMode":0,"name":"Shaded","section":"Shading Mode"},"sceneLighting":true,"audioPlay":false,"sceneViewState":{"m_AlwaysRefresh":false,"showFog":true,"showSkybox":true,"showFlares":true,"showImageEffects":true,"showParticleSystems":true,"showVisualEffectGraphs":true,"m_FxEnabled":true},"in2DMode":false,"pivot":{"x":17.530338287353517,"y":13.509998321533204,"z":-34.9664306640625},"rotation":{"x":-0.1452757567167282,"y":0.014257761649787426,"z":-0.002097182674333453,"w":-0.9892705082893372},"size":13.415902137756348,"orthographic":false}